001_ballon.jpg;2005_05_31;napi
002_beesett.jpg;2005_06_20;napi
003_faszaarc.jpg;2005_06_21;napi
004_ventilator.jpg;2005_06_22;napi
005_sarkany.jpg;2005_06_23;napi
006_ruh.jpg;2005_06_24;napi
007_polo.jpg;2005_06_25;napi
008_nincsfej.jpg;2005_06_26;napi
009_kifli.jpg;2005_06_27;napi
010_jelmez.jpg;2005_06_28;napi
011_kalapacs.jpg;2005_06_29;napi
014_szamuraj.jpg;2005_06_30;napi
029_vadli.jpg;2005_06_31;napi
039_galopp.jpg;2005_07_07;napi
040_agyaz.jpg;2005_07_08;napi
041_papagaj.jpg;2005_07_09;napi
042_kivalaszt.jpg;2005_07_10;napi
043_pommost.jpg;2005_07_11;napi
044_torpedo.jpg;2005_07_12;napi
045_megbirod.jpg;2005_07_13;napi
046_leegette.jpg;2005_07_14;napi
047_alpakka.jpg;2005_07_15;napi
048_tejfeles.jpg;2005_07_16;napi
049_zappehely.jpg;2005_07_17;napi
050a_sakk.jpg;2005_07_18;napi
050b_kupak.jpg;2005_07_19;napi
051_kaloz.jpg;2005_07_20;napi
052_hoppa.jpg;2005_07_21;napi
053_lelehetszedni.jpg;2005_07_22;napi
054_csopog.jpg;2005_07_23;napi
055_tegnapvolt.jpg;2005_07_24;napi
056_havanhozzal.jpg;2005_07_25;napi
057_hajohinta.jpg;2005_07_26;napi
058_nemmukodik.jpg;2005_07_27;napi
059_rafarag.jpg;2005_07_28;napi
060_zsak.jpg;2005_07_29;napi
061_koppant.jpg;2005_07_30;napi
062_41es.jpg;2005_07_31;napi
068_mibehamuzol.jpg;2005_08_07;napi
069_paraj.jpg;2005_08_08;napi
070_nemcsuszik.jpg;2005_08_09;napi
072_nemgyanakodtam.jpg;2005_08_10;napi
073_ordenare.jpg;2005_08_11;napi
074_magany.jpg;2005_08_12;napi
075_evelinbetonkocka.jpg;2005_08_13;napi
076_atkas.jpg;2005_08_14;napi
077_megbotlik.jpg;2005_08_15;napi
078_wurlitzer.jpg;2005_08_16;napi
079_vonatbaleset.jpg;2005_08_17;napi
080_evelinbetonkocka02.jpg;2005_08_18;napi
081_villamsujtotta.jpg;2005_08_19;napi
082_aljaegyvilagban.jpg;2005_08_20;napi
083_neramlegyel.jpg;2005_08_21;napi
084_porszivoval.jpg;2005_08_22;napi
085_anyadnakpalankot.jpg;2005_08_23;napi
086_kortars.jpg;2005_08_24;napi
087_melegitobe.jpg;2005_08_25;napi
088_jelmezes.jpg;2005_08_26;napi
089_derival.jpg;2005_08_27;napi
090_hangjatek.jpg;2005_08_28;napi
091_ujtrendes.jpg;2005_08_29;napi
092_bologat.jpg;2005_08_30;napi
093_sarkanyos.jpg;2005_08_31;napi
099_szetkapja.jpg;2005_09_08;napi
100_oriasrobot.jpg;2005_09_09;napi
101_formalin.jpg;2005_09_10;napi
102_mesterseges.jpg;2005_09_11;napi
103_menyet.jpg;2005_09_12;napi
105_szoboszlon.jpg;2005_09_13;napi
106_behozta.jpg;2005_09_14;napi
107_ajfe.jpg;2005_09_15;napi
108_lefenykepezni.jpg;2005_09_16;napi
109_lerazza.jpg;2005_09_17;napi
110_minositi.jpg;2005_09_18;napi
111_kezes.jpg;2005_09_19;napi
112_gumiszaj.jpg;2005_09_20;napi
113_felfedez.jpg;2005_09_21;napi
114_rubik.jpg;2005_09_22;napi
115_buvarok.jpg;2005_09_23;napi
116_vallalat.jpg;2005_09_24;napi
117_nyakorvet.jpg;2005_09_25;napi
118_agyekszonda.jpg;2005_09_26;napi
119_azeri.jpg;2005_09_27;napi
120_szocmunk.jpg;2005_09_28;napi
121_pollen.jpg;2005_09_29;napi
122_lelephet.jpg;2005_09_30;napi
123_vagod.jpg;2005_09_31;napi
130_tibikemaranyos.jpg;2005_10_09;napi
131_altato.jpg;2005_10_10;napi
132_feszesebbriffek.jpg;2005_10_11;napi
133_tetteti.jpg;2005_10_12;napi
134_kukiken.jpg;2005_10_13;napi
135_citromle.jpg;2005_10_14;napi
136_hotdoggal.jpg;2005_10_15;napi
137_fotozas.jpg;2005_10_16;napi
138_cineket.jpg;2005_10_17;napi
139_botanika.jpg;2005_10_18;napi
140_legjobbviccek.jpg;2005_10_19;napi
141_endre.jpg;2005_10_20;napi
142_kukorica.jpg;2005_10_21;napi
143_buntetes.jpg;2005_10_22;napi
144_szimmering.jpg;2005_10_23;napi
145_oszintejanos.jpg;2005_10_24;napi
146_ketmillio.jpg;2005_10_25;napi
147_tapsoljatok.jpg;2005_10_26;napi
148_tavalyikajszi.jpg;2005_10_27;napi
149_elsohet.jpg;2005_10_28;napi
151_szaraznak.jpg;2005_10_29;napi
152_kecsopos.jpg;2005_10_30;napi
153_majdnem.jpg;2005_10_31;napi
155_roger.jpg;2005_11_28;napi
156a_jonmasik.jpg;2005_11_29;napi
156b_megbeszeltuk.jpg;2005_11_30;napi
157_megnyomja.jpg;2005_11_31;napi
mondjadki.jpg;2006_03_16;
azvagy.jpg;2006_03_16;
010.jpg;2006_03_17;
csakszavak.jpg;2006_03_17;
nemegyszeru.jpg;2006_03_17;
melleket.jpg;2006_03_22;napi
filccel.jpg;2006_03_23;napi
negyediken.jpg;2006_03_24;napi
adapterrel.jpg;2006_03_25;napi
erkelyre.jpg;2006_03_26;napi
frau.jpg;2006_03_27;napi
lattam.jpg;2006_03_28;napi
raketat.jpg;2006_03_29;napi
burrbrown.jpg;2006_03_30;napi
nemvolt.jpg;2006_03_31;napi
ezilyen.jpg;2006_04_05;
fejezdabba.jpg;2006_04_06;
faszalakban.jpg;2006_04_12;
beszaradt.jpg;2006_04_27;napi
kiszetted.jpg;2006_04_28;
megpessedt.jpg;2006_04_28;napi
madonnanak.jpg;2006_04_28;
felreleptel.jpg;2006_04_29;napi
tevagy.jpg;2006_04_30;napi
barmilyen.jpg;2006_04_31;napi
csodavers.jpg;2006_05_17;
korlataidat.jpg;2006_05_19;
hanemhogymekkorat.jpg;2006_05_22;napi
600liter.jpg;2006_05_23;napi
nemtokklara.jpg;2006_05_24;napi
mikroorganizmusok.jpg;2006_05_25;napi
oszcillalja.jpg;2006_05_27;napi
barcochba.jpg;2006_05_28;napi
bebukunk.jpg;2006_05_29;napi
vancsokim.jpg;2006_05_30;napi
disszonansabb.jpg;2006_05_31;napi
belepo.jpg;2006_06_20;napi
vazaval.jpg;2006_06_21;napi
elkeseredett.jpg;2006_06_22;napi
lebbencs.jpg;2006_06_23;napi
oszmanhordak.jpg;2006_06_24;napi
osszefugges.jpg;2006_06_25;napi
fursz.jpg;2006_06_26;napi
minyessuk.jpg;2006_06_27;napi
RRR.jpg;2006_06_28;napi
dugdel.jpg;2006_06_29;napi
ezustnyakek.jpg;2006_06_30;napi
kisotos.jpg;2006_06_31;napi
levesz.jpg;2006_07_21;napi
fozelek.jpg;2006_07_22;napi
zacskomon.jpg;2006_07_23;napi
fairplay.jpg;2006_07_24;napi
elhal.jpg;2006_07_25;napi
sportkocsis.jpg;2006_07_26;napi
nagyszellem.jpg;2006_07_27;napi
hamlokjuci.jpg;2006_07_28;napi
hamuzzapa.jpg;2006_07_29;napi
ingecske.jpg;2006_07_30;napi
szecsobe.jpg;2006_07_31;napi
osztomuben.jpg;2006_08_20;napi
platina.jpg;2006_08_21;napi
4evesvagy.jpg;2006_08_22;napi
muvesznot.jpg;2006_08_23;napi
BEREPED.JPG;2006_08_24;napi
polipra.jpg;2006_08_25;napi
VIASZBOL.JPG;2006_08_26;napi
szimbolum.jpg;2006_08_27;napi
izekig.jpg;2006_08_28;napi
technikuscsavot.jpg;2006_08_29;napi
klasszis.JPG;2006_08_30;napi
begyulladt.jpg;2006_08_31;napi
valosagmegis.JPG;2006_09_18;napi
tokeletes.jpg;2006_09_19;napi
isteni.jpg;2006_09_20;napi
nincsharag.jpg;2006_09_21;napi
csufak.JPG;2006_09_22;napi
drotkefe.JPG;2006_09_23;napi
puskas.JPG;2006_09_24;napi
sotetcseresznye2.jpg;2006_09_25;napi
mumus.jpg;2006_09_26;napi
zserboval.jpg;2006_09_27;napi
gigagyik.JPG;2006_09_28;napi
hedvig.jpg;2006_09_29;napi
sorcsapot.jpg;2006_09_30;napi
froccsbe.jpg;2006_09_31;napi
elemet.jpg;2006_10_04;
fleksz.jpg;2006_10_05;
kegyetlenkarl.jpg;2006_10_05;
semminknincs.jpg;2006_10_06;
errejottemki.jpg;2006_10_06;
cuppogjon.JPG;2006_10_09;
aljasitod.jpg;2006_10_10;
fogjale.jpg;2006_10_11;
250.jpg;2006_10_13;
100palcas.jpg;2006_10_13;
ekkoravanneki.jpg;2006_10_16;
revu.jpg;2006_10_17;
makett.jpg;2006_10_18;
ronan.jpg;2006_10_19;
szobron.jpg;2006_10_20;
nemisazbazmeg.jpg;2006_10_24;
csecsere.jpg;2006_10_25;
oszihangulat.jpg;2006_10_26;
repulo.jpg;2006_10_26;
megidezunk.jpg;2006_10_27;
goffridert.jpg;2006_10_30;
alakapott.jpg;2006_10_31;
rezignalt.jpg;2006_10_31;napi
durva.jpg;2006_11_16;napi
rejtek.jpg;2006_11_17;napi
nekemis.jpg;2006_11_18;napi
meghallgatas.jpg;2006_11_19;napi
vakicsit.jpg;2006_11_20;napi
E.jpg;2006_11_21;napi
mesekazettak.jpg;2006_11_22;napi
P2.jpg;2006_11_23;napi
dinnye.jpg;2006_11_24;napi
detudtam.jpg;2006_11_25;napi
karatera.jpg;2006_11_26;napi
vakond.jpg;2006_11_27;napi
oceanok.jpg;2006_11_28;napi
vonatos.jpg;2006_11_29;napi
kocka.jpg;2006_11_30;napi
karalabe.jpg;2006_11_31;napi
egyenes.jpg;2006_12_16;napi
csikban.jpg;2006_12_17;napi
aztek.jpg;2006_12_18;napi
sokahaj.jpg;2006_12_19;napi
polomintak.jpg;2006_12_20;napi
alpesiret.JPG;2006_12_21;napi
vidiaval.jpg;2006_12_22;napi
vidiaval2.jpg;2006_12_23;napi
csodabacsi.jpg;2006_12_24;napi
kerekasztal.jpg;2006_12_25;napi
hiphop.jpg;2006_12_26;napi
nemhuzzabe.jpg;2006_12_27;napi
moszkvics.jpg;2006_12_28;napi
elcondor.jpg;2006_12_29;napi
legalabb.jpg;2006_12_30;napi
kaparaszast.jpg;2006_12_31;napi
stablista.jpg;2007_01_18;napi
odanyomta.jpg;2007_01_19;napi
wagner.jpg;2007_01_20;napi
cs_sss.jpg;2007_01_21;napi
azert.jpg;2007_01_22;napi
diszkretebben.jpg;2007_01_23;napi
cianozas.jpg;2007_01_24;napi
minden.jpg;2007_01_25;napi
neram.jpg;2007_01_26;napi
utvefurora.jpg;2007_01_27;napi
hatalmasmaci.jpg;2007_01_28;napi
pled.jpg;2007_01_29;napi
aktataska.jpg;2007_01_30;napi
csalogatonak.jpg;2007_01_31;napi
teljesstressz.jpg;2007_02_23;napi
szepcsajok.jpg;2007_02_24;napi
felismertem.jpg;2007_02_25;napi
kivanitt.jpg;2007_02_26;napi
injektalnak.jpg;2007_02_27;napi
atomos.jpg;2007_02_28;napi
keltteszta.jpg;2007_02_29;napi
csillogas.jpg;2007_02_30;napi
alabard.jpg;2007_02_31;napi
birkozas80.jpg;2007_03_20;napi
heliumbalett.jpg;2007_03_21;napi
abrosznelkul.jpg;2007_03_22;napi
22.jpg;2007_03_23;napi
attetszo.jpg;2007_03_24;napi
szepnagyokat.jpg;2007_03_25;napi
mingyar.jpg;2007_03_26;napi
folyekony.jpg;2007_03_27;napi
Rozsikzsuzsi.jpg;2007_03_28;napi
uszitjak.jpg;2007_03_29;napi
leforgott_szepen.jpg;2007_03_30;napi
meg_el.jpg;2007_03_31;napi
megintjapan.jpg;2007_04_21;napi
torok.jpg;2007_04_22;napi
oregcimbora.jpg;2007_04_23;napi
haggyadazt.jpg;2007_04_24;napi
belengeti.jpg;2007_04_25;napi
ferde.jpg;2007_04_26;napi
nyolckor.jpg;2007_04_27;napi
waltzer.jpg;2007_04_28;napi
belerug.jpg;2007_04_29;napi
miotamar.jpg;2007_04_30;napi
szar.jpg;2007_04_31;napi
iparilatex.jpg;2007_05_22;napi
fennyel.jpg;2007_05_23;napi
fulladni.jpg;2007_05_24;napi
szardiniakkal.jpg;2007_05_25;napi
flip.jpg;2007_05_26;napi
inkabbpinak.jpg;2007_05_27;napi
elethu.jpg;2007_05_28;napi
hollywoodrol.jpg;2007_05_29;napi
kezeltem.jpg;2007_05_30;napi
vardmeg.jpg;2007_05_31;napi
pah.jpg;2007_06_22;
liftajtot.jpg;2007_06_25;napi
hallgat.jpg;2007_06_26;napi
nedohanyozzgetszi_kicsi.jpg;2007_06_27;napi
froccsot.jpg;2007_06_28;napi
razkodik.jpg;2007_06_29;napi
nezzoda.jpg;2007_06_30;napi
bedurrant.jpg;2007_06_31;napi
fecosok_polon.jpg;2007_07_16;napi
AnyadnakPalankot_polon.jpg;2007_07_17;napi
igaziferfikell.jpg;2007_07_18;napi
japangrill.jpg;2007_07_19;napi
ilyenafecosvnyakkal.jpg;2007_07_20;napi
hahakoffer.jpg;2007_07_21;napi
mondoka.jpg;2007_07_22;napi
nugat.jpg;2007_07_23;napi
folenyeskedest.jpg;2007_07_24;napi
derekszog.jpg;2007_07_25;napi
behazudsz.jpg;2007_07_26;napi
figyelnek.jpg;2007_07_27;napi
ellenorizze.jpg;2007_07_28;napi
ausgekommt.jpg;2007_07_29;napi
strandpapucsban.jpg;2007_07_30;napi
pedalosgokart.jpg;2007_07_31;napi
tetemet.jpg;2007_08_24;napi
mozdulatlansaga.jpg;2007_08_25;napi
terepszinu.jpg;2007_08_26;napi
apad.jpg;2007_08_27;napi
ezzelapicsaval.jpg;2007_08_28;napi
teaval.jpg;2007_08_29;napi
szazezer.jpg;2007_08_30;napi
gumizsiraf.jpg;2007_08_31;napi
fosturkiz.jpg;2007_09_26;napi
betekerve.jpg;2007_09_27;napi
folklor.jpg;2007_09_28;napi
csodamanus.jpg;2007_09_29;napi
nyulik.jpg;2007_09_30;napi
megahertz.jpg;2007_09_31;napi
tovabbaamilio.jpg;2007_10_22;napi
terkalight.jpg;2007_10_23;napi
terkalight2.jpg;2007_10_24;napi
importmiez.jpg;2007_10_25;napi
joejt.jpg;2007_10_26;napi
dicseret.jpg;2007_10_27;napi
cukorbol.jpg;2007_10_28;napi
trukkos.jpg;2007_10_29;napi
citromsarga.jpg;2007_10_30;napi
nyelv.jpg;2007_10_31;napi
oroszkrem.jpg;2007_11_20;napi
osszes.jpg;2007_11_21;napi
batman_segitsel.jpg;2007_11_22;napi
betest.jpg;2007_11_23;napi
filodendron.jpg;2007_11_24;napi
loladurva.jpg;2007_11_25;napi
fela_lecsot.jpg;2007_11_26;napi
kulso_cipzaros.jpg;2007_11_27;napi
elso50.jpg;2007_11_28;napi
neirjemilt.jpg;2007_11_29;napi
KONYV_Jegkockak.jpg;2007_11_30;napi
KONYV_kagulint.jpg;2007_11_31;napi
legyenkiller.jpg;2007_12_10;
invitalo_cetli.jpg;2007_12_27;napi
doboz.jpg;2007_12_28;napi
ciccmann_beteg.jpg;2007_12_29;napi
karbidhegyu.jpg;2007_12_30;napi
elindultunk.jpg;2007_12_31;napi
nincszugas.jpg;2008_01_15;napi
kiraly.jpg;2008_01_16;napi
illuziok_vilaga.jpg;2008_01_17;napi
rajakent.jpg;2008_01_18;napi
ismeretlenhelyre.jpg;2008_01_19;napi
ag_iranyaba.jpg;2008_01_20;napi
nevnapot.jpg;2008_01_21;napi
mua_kardocskak.jpg;2008_01_22;napi
musorresze.jpg;2008_01_23;napi
kortesbe.jpg;2008_01_24;napi
ezalattagebicsben.jpg;2008_01_25;napi
vegevan.jpg;2008_01_26;napi
kepmagnosokfigyelem.jpg;2008_01_27;napi
hinta.jpg;2008_01_28;napi
mero.jpg;2008_01_29;napi
mondommaganak.jpg;2008_01_30;napi
pow.jpg;2008_01_31;napi
slusszpoen.jpg;2008_02_24;napi
rajtamkivul.jpg;2008_02_25;napi
kiserdki.jpg;2008_02_26;napi
gyemanttal.jpg;2008_02_27;napi
ozbor.jpg;2008_02_28;napi
noveljon.jpg;2008_02_29;napi
allattenyesztes1.jpg;2008_02_30;napi
ketkocc.jpg;2008_02_31;napi
kny8.jpg;2008_03_24;napi
konglon.jpg;2008_03_25;napi
gumipokozva.jpg;2008_03_26;napi
foltos.jpg;2008_03_27;napi
kyokushin.jpg;2008_03_28;napi
jovamman.jpg;2008_03_29;napi
jenaikat.jpg;2008_03_30;napi
mackos.jpg;2008_03_31;napi
matracon.jpg;2008_04_22;napi
merev.jpg;2008_04_23;napi
premesallatok.jpg;2008_04_24;napi
medves.jpg;2008_04_25;napi
gazdaja.jpg;2008_04_26;napi
kozben.jpg;2008_04_27;napi
minekkockazza.jpg;2008_04_28;napi
egettszelet.jpg;2008_04_29;napi
gombre_van.jpg;2008_04_30;napi
kozonsegesbarna.jpg;2008_04_31;napi
instant.jpg;2008_05_23;napi
hallod.jpg;2008_05_24;napi
temaradsz.jpg;2008_05_25;napi
tik.jpg;2008_05_26;napi
egyek.jpg;2008_05_27;napi
pontosido.jpg;2008_05_28;napi
figyeljetek.jpg;2008_05_29;napi
eroset.jpg;2008_05_30;napi
nemforogjale.jpg;2008_05_31;napi
saccrateccik.jpg;2008_06_23;napi
18x18.jpg;2008_06_24;napi
felkuldte.jpg;2008_06_25;napi
trukkertsor.jpg;2008_06_26;napi
ismerni.jpg;2008_06_27;napi
megkerdeztem.jpg;2008_06_28;napi
zsak.jpg;2008_06_29;napi
felre.jpg;2008_06_30;napi
ahogyrita.jpg;2008_06_31;napi
sajatnyalam.jpg;2008_07_23;napi
pudlisszerint.jpg;2008_07_24;napi
aszentf.jpg;2008_07_25;napi
elegonnan.jpg;2008_07_26;napi
kasinyamnyam.jpg;2008_07_27;napi
balkezzel.jpg;2008_07_28;napi
cimnelkul.jpg;2008_07_29;napi
19h.jpg;2008_07_30;napi
sebfosod.jpg;2008_07_31;napi
olcsocipo.jpg;2008_08_26;napi
szabadon.jpg;2008_08_27;napi
cseresznyesnadrag.jpg;2008_08_28;napi
hazamegint.jpg;2008_08_29;napi
BSZP.jpg;2008_08_30;napi
ifikoromban.jpg;2008_08_31;napi
DSCN_1645.jpg;2008_09_24;napi
elso.jpg;2008_09_25;napi
4nulladikat.jpg;2008_09_26;napi
svedorvos_csoport.jpg;2008_09_27;napi
rotopem.jpg;2008_09_28;napi
hanyasas.jpg;2008_09_29;napi
ottrohaggyael.jpg;2008_09_30;napi
alcaznod.jpg;2008_09_31;napi
kondenzcsikjat.jpg;2008_10_24;napi
adjadfel.jpg;2008_10_25;napi
szavakembere.jpg;2008_10_26;napi
malagalamalanya.jpg;2008_10_27;napi
amor.jpg;2008_10_28;napi
napirajzkonyv2.jpg;2008_10_29;napi
megyek_utok.jpg;2008_10_30;napi
jo_igy.jpg;2008_10_31;napi
namibe.jpg;2008_11_18;
SuperGyors01.jpg;2008_11_24;napi
SuperGyors02.jpg;2008_11_25;napi
SuperGyors03.jpg;2008_11_26;napi
SuperGyors04.jpg;2008_11_27;napi
SuperGyors05.jpg;2008_11_28;napi
SuperGyors06.jpg;2008_11_29;napi
SuperGyors07.jpg;2008_11_30;napi
SuperGyors08.jpg;2008_11_31;napi
oriaskerek.jpg;2008_12_26;napi
SuperGyors_Gala.jpg;2008_12_27;napi
holnap.jpg;2008_12_28;napi
azacime.jpg;2008_12_29;napi
gondolom.jpg;2008_12_30;napi
leletmentes.jpg;2008_12_31;napi
csodalkozik.jpg;2009_01_26;napi
rajabbcsavo.jpg;2009_01_27;napi
mintaropit.jpg;2009_01_28;napi
kevesebblekvart.jpg;2009_01_29;napi
papajasba.jpg;2009_01_30;napi
mitrajzoltok.jpg;2009_01_31;napi
kurt.jpg;2009_02_26;napi
nedvesorrok.jpg;2009_02_27;napi
cserko.jpg;2009_02_28;napi
granulatumot.jpg;2009_02_29;napi
hogymilyen.jpg;2009_02_30;napi
sikitott.jpg;2009_02_31;napi
iderajzolo.jpg;2009_03_26;napi
okezdle.jpg;2009_03_27;napi
miasztori.jpg;2009_03_28;napi
gyutifribe.jpg;2009_03_29;napi
iroszemmel74.jpg;2009_03_30;napi
azthallottam.jpg;2009_03_31;napi
lofaszvolt.jpg;2009_04_27;napi
cekaszt.jpg;2009_04_28;napi
setetebb.jpg;2009_04_29;napi
mindegyszalig.jpg;2009_04_30;napi
lassanmivan.jpg;2009_04_31;napi
kadett.jpg;2009_05_27;napi
belovetni.jpg;2009_05_28;napi
maganak_meseltem.jpg;2009_05_29;napi
kenyszerpalyara.jpg;2009_05_30;napi
havalaki_eletebe.jpg;2009_05_31;napi
gyogyitgatom.jpg;2009_06_28;napi
77gyertya.jpg;2009_06_29;napi
bobdylan.jpg;2009_06_30;napi
frisanchi.jpg;2009_06_31;napi
decoupage_technikaval.jpg;2009_07_28;napi
dukko.jpg;2009_07_29;napi
naugye.jpg;2009_07_30;napi
elozenekar.jpg;2009_07_31;napi
overal.jpg;2009_08_28;napi
rajmund.jpg;2009_08_29;napi
kozkivanatra.jpg;2009_08_30;napi
nyar84.jpg;2009_08_31;napi
nemahanyoshans.jpg;2009_09_30;napi
ugyanakkor_lenyugozoen.jpg;2009_09_31;napi
felmutatom.jpg;2009_10_29;napi
polimer_60.jpg;2009_10_30;napi
orokkejatekos.jpg;2009_10_31;napi
kabrio.jpg;2009_11_26;napi
E3.jpg;2009_11_27;napi
beavatkozni.jpg;2009_11_28;napi
dedikalasok.jpg;2009_11_29;napi
tejedvan.jpg;2009_11_30;napi
kalkulalja.jpg;2009_11_31;napi
lenduletes400.jpg;2009_12_28;napi
hovatovabb.jpg;2009_12_29;napi
marsra_fol.jpg;2009_12_30;napi
kuldok_uzit.jpg;2009_12_31;napi
kardvirag_rendben.jpg;2010_01_30;napi
neked_rajzoltam.jpg;2010_01_31;napi
ket_palcika.jpg;2010_02_27;napi
ceklakek.jpg;2010_02_28;napi
sikidomok.jpg;2010_02_29;napi
szaradjakmeg.jpg;2010_02_30;napi
napelemmel.jpg;2010_02_31;napi
megintmedve.jpg;2010_03_29;napi
mokka20.jpg;2010_03_30;napi
idetevedt.jpg;2010_03_31;napi
kertem_mellett.jpg;2010_04_28;napi
elhuzni.jpg;2010_04_29;napi
tobbenpinat.jpg;2010_04_30;napi
loncskozben.jpg;2010_04_31;napi
polopokolbaner.jpg;2010_05_05;
parkocka_150.jpg;2010_05_05;
vezna_pitypang.jpg;2010_05_29;napi
szerzodtetlek.jpg;2010_05_30;napi
graham_torvenye.jpg;2010_05_31;napi
nitro.jpg;2010_06_28;napi
plutoba.jpg;2010_06_29;napi
szar_igy.jpg;2010_06_30;napi
a_hir_kapcsan.jpg;2010_06_31;napi
kisgaz.jpg;2010_07_29;napi
edina84.jpg;2010_07_30;napi
kimondottan.jpg;2010_07_31;napi
mazsoretteknek.jpg;2010_08_29;napi
eleve_zsenan.jpg;2010_08_30;napi
cynthike.jpg;2010_08_31;napi
megpalinkat.jpg;2010_09_17;napi
onnancsillan.jpg;2010_09_18;napi
kiloves10.jpg;2010_09_19;napi
kiloves9.jpg;2010_09_20;napi
kiloves8.jpg;2010_09_21;napi
kiloves7.jpg;2010_09_22;napi
kiloves6.jpg;2010_09_23;napi
kiloves5.jpg;2010_09_24;napi
kiloves4.jpg;2010_09_25;napi
kiloves3.jpg;2010_09_26;napi
kiloves2.jpg;2010_09_27;napi
kiloves1.jpg;2010_09_28;napi
kiloves0.jpg;2010_09_29;napi
elpusztitok.jpg;2010_09_30;napi
megmikrozom.jpg;2010_09_31;napi
romonvan.jpg;2010_10_25;napi
szinten_zenesz.jpg;2010_10_26;napi
surgos_fozes.jpg;2010_10_27;napi
holnap_popzene.jpg;2010_10_28;napi
megjelent03.jpeg;2010_10_29;napi
megjelent02.jpg;2010_10_30;napi
megjelent01.jpg;2010_10_31;napi
pancsokat.jpg;2010_11_26;napi
olni_megyek.jpg;2010_11_27;napi
kitisztittatja.jpg;2010_11_28;napi
gazdasagi_kulcsa.jpg;2010_11_29;napi
fajansztalkaban.jpg;2010_11_30;napi
busa_arban.jpg;2010_11_31;napi
napirajzkonyv4.jpg;2010_12_10;
NCH.jpg;2010_12_28;napi
telepi.jpg;2010_12_29;napi
az_ajtot.jpg;2010_12_30;napi
tofum.jpg;2010_12_31;napi
megannyi_csodat.jpg;2011_01_28;napi
pitypangos_fuzetem.jpg;2011_01_29;napi
megallitani.jpg;2011_01_30;napi
eros_kemeny.jpg;2011_01_31;napi
slagozok.jpg;2011_02_29;napi
vazolas.jpg;2011_02_30;napi
edesitovel.jpg;2011_02_31;napi
szamzarjaval.jpg;2011_03_28;napi
furni_megyunk.jpg;2011_03_29;napi
uzletre_gyakorolt.jpg;2011_03_30;napi
itt_mogottem.jpg;2011_03_31;napi
meggyozodesem.jpg;2011_04_30;napi
elvont.jpg;2011_04_31;napi
megallas.jpg;2011_05_30;napi
12brazil.jpg;2011_05_31;napi
apamfasza_barmi.jpg;2011_06_30;napi
nagyterpesz.jpg;2011_06_31;napi
szerzotol.jpg;2011_07_27;napi
menedzserem.jpg;2011_07_28;napi
tisztan.jpg;2011_07_29;napi
milyen_szagot.jpg;2011_07_30;napi
rien_de_rien.jpg;2011_07_31;napi
hosszu_bevezeto.jpg;2011_08_31;napi
01_csigolyaid.jpg;2011_09_05;komedia
02_acelcsizma.jpg;2011_09_08;komedia
napirajz-levideozna2.jpg;2011_09_13;komedia
04_a_gyerek_biztonsaga.jpg;2011_09_15;komedia
05_palyan_beremeg.jpg;2011_09_19;komedia
06_vilaghiru.jpg;2011_09_22;komedia
07-szoltam.jpg;2011_09_26;komedia
08_a_tevesek_tortaja.jpg;2011_09_29;komedia
szappanos.jpg;2011_09_29;napi
lerantotta.jpg;2011_09_30;napi
gyorsitot.jpg;2011_09_31;napi
09_adol_fiut.jpg;2011_10_03;komedia
10_megszunteti.jpg;2011_10_06;komedia
11_hunyd_be.jpg;2011_10_10;komedia
12_parej_dolog.jpg;2011_10_13;komedia
13_inditom_a_magnot1.jpg;2011_10_17;komedia
14_allj_fater.jpg;2011_10_20;komedia
15_messze_van.jpg;2011_10_24;komedia
16_lipidek.jpg;2011_10_27;komedia
parittyas_fassag.jpg;2011_10_31;napi
17_eleg_magasra.jpg;2011_10_31;komedia
18_lamellak.jpg;2011_11_03;komedia
19_kis_rest.jpg;2011_11_07;komedia
20_dofj.jpg;2011_11_10;komedia
21_ott_jobbra.jpg;2011_11_14;komedia
22_goncom.jpg;2011_11_17;komedia
23_elszaladni_vele.jpg;2011_11_21;komedia
24_hajoljon.jpg;2011_11_24;komedia
25_itt_a_tel.jpg;2011_11_28;komedia
z_visszajon_minden.jpg;2011_11_29;napi
2011_sejti.jpg;2011_11_30;napi
2011_lehetetlen.jpg;2011_11_31;napi
26_lejtos_terepen.jpg;2011_12_01;komedia
27_ratony.jpg;2011_12_05;komedia
28_egyhuzamban.jpg;2011_12_08;komedia
29_kidumalom.jpg;2011_12_12;komedia
30_mokus.jpg;2011_12_15;komedia
31_segitsenek.jpg;2011_12_19;komedia
000_balakat.jpg;2011_12_22;komedia
001_kajat.jpg;2011_12_27;komedia
002_keszlet.jpg;2011_12_29;komedia
naptarborito2012.jpg;2011_12_30;napi
tojaskell.jpg;2011_12_31;napi
003_eredmenyes.jpg;2012_01_02;komedia
004_masodik_legjobb.jpg;2012_01_05;komedia
005_knedli_volt.jpg;2012_01_09;komedia
006_szelesseget.jpg;2012_01_12;komedia
007_cruton.jpg;2012_01_16;komedia
008_nagylany.jpg;2012_01_19;komedia
009_atoperaltatta.jpg;2012_01_23;komedia
010_bizonyoskati.jpg;2012_01_26;komedia
delta1.jpg;2012_01_29;napi
van_cafat.jpg;2012_01_30;napi
011_csapjoda.jpg;2012_01_30;komedia
elmegyafagyis.jpg;2012_01_31;napi
012_pianino.jpg;2012_02_02;komedia
013_sikerult.jpg;2012_02_06;komedia
014_jobbanjarsz.jpg;2012_02_09;komedia
015_34kilo.jpg;2012_02_13;komedia
016_jo_belole.jpg;2012_02_16;komedia
017_neked_nincs.jpg;2012_02_20;komedia
018_torekeny_dolog.jpg;2012_02_23;komedia
019_sok_majonezzel.jpg;2012_02_28;komedia
adszki.jpg;2012_02_30;napi
inkabb_uj_melleknek.jpg;2012_02_31;napi
019_sisakot.jpg;2012_03_02;komedia
021_mutottem.jpg;2012_03_05;komedia
022_fixek_a_szekek.jpg;2012_03_08;komedia
023_jobbkezes_wok.jpg;2012_03_12;komedia
024_visszaallitas.jpg;2012_03_15;komedia
025_eltompithatjak.jpg;2012_03_19;komedia
026_jeloltel_vissza.jpg;2012_03_22;komedia
028_saccoljon.jpg;2012_03_29;komedia
tetetek_be.jpg;2012_03_31;napi
029_lezuhant.jpg;2012_04_03;komedia
031_poszata.jpg;2012_04_10;komedia
032_spontan.jpg;2012_04_12;komedia
033_mindent_torol.jpg;2012_04_16;komedia
035_itt_fogyasztom.jpg;2012_04_23;komedia
036_kertesz.jpg;2012_04_26;komedia
007_AKRO.jpg;2012_04_30;napi
guppi.jpg;2012_04_31;napi
037_remixe.jpg;2012_05_02;komedia
038_bezartam.jpg;2012_05_03;komedia
039_kicsong.jpg;2012_05_07;komedia
040_volt_rajtam_szor.jpg;2012_05_10;komedia
041_tul_eros.jpg;2012_05_14;komedia
042_sokkal_jobb.jpg;2012_05_17;komedia
043_kabinos.jpg;2012_05_21;komedia
044_fagyi.jpg;2012_05_24;komedia
045_bajnok.jpg;2012_05_29;komedia
009_megcsinalta.jpg;2012_05_30;napi
10_35_evesen.jpg;2012_05_31;napi
046_kevertet.jpg;2012_05_31;komedia
047_minek_orulnel.jpg;2012_06_04;komedia
szecso_.jpg;2012_06_07;aindex
helyszinek_kataton_dzsentri.jpg;2012_06_07;aindex
jarmuvek_banyaszvonat.jpg;2012_06_07;aindex
jarmuvek_ifa_szippanto.jpg;2012_06_07;aindex
szereplok_sitalpas_geci.jpg;2012_06_07;aindex
szereplok_indian.jpg;2012_06_07;aindex
szereplok_talicskas_csavo.jpg;2012_06_07;aindex
szereplok_piacosmama.jpg;2012_06_07;aindex
szereplok_ernoke.jpg;2012_06_07;aindex
szereplok_alkotokozosseg.jpg;2012_06_07;aindex
allatok_medve_hal.jpg;2012_06_07;aindex
szereplok_rone.jpg;2012_06_07;aindex
szereplok_van_breitlingem.jpg;2012_06_07;aindex
szereplok_editkeneni.jpg;2012_06_07;aindex
szereplok_tibor.jpg;2012_06_07;aindex
szereplok_klara.jpg;2012_06_07;aindex
Els≈ë_meccs.jpg;2012_06_07;aindex
048_kuldenem.jpg;2012_06_07;komedia
02_gyep.jpg;2012_06_11;aindex
049_elkuldtem.jpg;2012_06_11;komedia
03_vezeto.jpg;2012_06_12;aindex
04_mi_micsoda.jpg;2012_06_15;aindex
05_jo_oreg.jpg;2012_06_18;aindex
050_halvanykek.jpg;2012_06_18;komedia
06_hibaztal.jpg;2012_06_20;aindex
051_nem_hulye.jpg;2012_06_21;komedia
07_a_spanyol_gyerek.jpg;2012_06_22;aindex
052_4_huszas.jpg;2012_06_25;komedia
08_lemez.jpg;2012_06_27;aindex
053_nagyok.jpg;2012_06_28;komedia
09_majmozni.jpg;2012_06_29;aindex
11_akkor.jpg;2012_06_31;napi
054_gyerek_maradt.jpg;2012_07_02;komedia
10_fogadtunk.jpg;2012_07_02;aindex
11_arafat.jpg;2012_07_04;aindex
055_kiralyfi.jpg;2012_07_05;komedia
12_elmagyarazza.jpg;2012_07_05;aindex
056_folyasa.jpg;2012_07_09;komedia
13_visszapofazik.jpg;2012_07_09;aindex
14_molino.jpg;2012_07_11;aindex
057_nem_fer_ki.jpg;2012_07_12;komedia
15_nem_hagyom.jpg;2012_07_13;aindex
16_15perc.jpg;2012_07_16;aindex
058_astama.jpg;2012_07_16;komedia
17_dosszie.jpg;2012_07_18;aindex
059_elkezdtem.jpg;2012_07_19;komedia
18_toroltem_magam.jpg;2012_07_20;aindex
60_kerdesek.jpg;2012_07_23;komedia
19_jattolok.jpg;2012_07_23;aindex
20_egy_pont.jpg;2012_07_25;aindex
21_dzseki.jpg;2012_07_25;aindex
22_langot.jpg;2012_07_25;aindex
61_megbotlott.jpg;2012_07_26;komedia
62_gramm.jpg;2012_07_30;komedia
23_indulhatsz_karcsi.jpg;2012_08_01;aindex
63_megateszt1.jpg;2012_08_02;komedia
24_bajnok.jpg;2012_08_03;aindex
64_foveny.jpg;2012_08_06;komedia
25_igazi.jpg;2012_08_06;aindex
26_gazos.jpg;2012_08_08;aindex
27_hagyjad_lajos.jpg;2012_08_10;aindex
28_jo_kis_olimpia.jpg;2012_08_13;aindex
29_csulok_pali_embere.jpg;2012_08_14;aindex
30_mas_foldresz.jpg;2012_08_14;aindex
67_szimbion.jpg;2012_08_15;komedia
66_szigonyos.jpg;2012_08_15;komedia
31_billeg.jpg;2012_08_20;aindex
68_sajtostejfolos.jpg;2012_08_21;komedia
32_nem_bantja.jpg;2012_08_22;aindex
33_ugy_mondjuk.jpg;2012_08_24;aindex
34_gombak.jpg;2012_08_27;aindex
69_anyam_spanjanak.jpg;2012_08_27;komedia
70_berant.jpg;2012_08_28;komedia
35_ulepitobol.jpg;2012_08_29;aindex
71_figyelj_leteszlek.jpg;2012_08_31;komedia
36_kolat.jpg;2012_09_01;aindex
37_aztan_kaja.jpg;2012_09_03;aindex
72_eltanacsoltak.jpg;2012_09_03;komedia
38_olyan_egyformak.jpg;2012_09_05;aindex
73_mogebe_megy.jpg;2012_09_06;komedia
39_nincs_a_listan.jpg;2012_09_06;aindex
74_s_alakut.jpg;2012_09_10;komedia
40_mink_is.jpg;2012_09_10;aindex
41_vedve_van.jpg;2012_09_11;aindex
75_ne_tulozz.jpg;2012_09_13;komedia
42_mozgatja.jpg;2012_09_14;aindex
43_megsem_ugrik.jpg;2012_09_17;aindex
44_kina_langol.jpg;2012_09_19;aindex
77_indulunk.jpg;2012_09_20;komedia
45_valassz.jpg;2012_09_21;aindex
XX_mohamed.jpg;2012_09_24;aindex
78_ilyen_csodor.jpg;2012_09_24;komedia
47_cseh_modszer.jpg;2012_09_26;aindex
78_mas_idok_voltak.jpg;2012_09_27;komedia
48_elfele.jpg;2012_09_28;aindex
14_abba_ne.jpg;2012_09_29;napi
15_nincs_lab.jpg;2012_09_30;napi
XX_teton_at.jpg;2012_09_31;napi
79_nagyra.jpg;2012_10_01;komedia
49_csalamadeval.jpg;2012_10_01;aindex
50_uzemen_kivul.jpg;2012_10_03;aindex
80_taviranyito.jpg;2012_10_04;komedia
51_ide_lotted.jpg;2012_10_06;aindex
81_a_torkodban.jpg;2012_10_08;komedia
52_rikkancs.jpg;2012_10_08;aindex
53_javaslat.jpg;2012_10_10;aindex
82_lepunk.jpg;2012_10_11;komedia
54_az_utolso_gyulai.jpg;2012_10_11;aindex
55_sztratoszferi.jpg;2012_10_15;aindex
83_kedves_ontol.jpg;2012_10_15;komedia
